url,title,company,categories,summary,impact,date_published,date_fetched,is_new
https://openai.com/index/advancing-voice-intelligence-with-new-models-in-the-api/,"OpenAI Realtime API GA: GPT-Realtime-2, GPT-Realtime-Translate, GPT-Realtime-Whisper",OpenAI,Model|Agent|Infra,"OpenAI launched three specialized voice models (GPT-Realtime-2 with GPT-5-class reasoning, GPT-Realtime-Translate for live multilingual speech, GPT-Realtime-Whisper for streaming transcription) with 128K context for agentic workflows. This moves voice agents from simple turn-taking to complex tool use and recovery patterns.","Voice agents now viable for production support centers, education, and complex multi-turn workflows with built-in reasoning capability | Pricing at $32/$64 per 1M audio tokens (premium) vs $0.017/min for Whisper creates cost tradeoff for decision-makers on which voice stack to use | Tool calls, preambles, and parallel execution enable agentic voice patterns; 128K context supports long agent sessions",2026-05-07,2026-05-13,true
https://anthropic.com/claude/managed-agents-memory,Claude Managed Agents: Memory and Dreaming for Autonomous Learning,Anthropic,Agent|Memory,"Anthropic released Memory in public beta and Dreaming in research preview for Claude Managed Agents. Agents can now persist cross-session learning, with Dreaming automatically curating memories from past sessions to improve performance without retraining.","Agents self-improve across sessions without custom retrieval infrastructure; Rakuten reports 97% fewer first-pass errors with memory, 27% cost reduction, 34% lower latency | Multiagent orchestration now in public beta allows hierarchical task delegation with shared filesystems and persistent event logs | Filesystem-based memories with audit logs and API control give developers full custody over agent learning",2026-05-07,2026-05-13,true
https://github.com/langchain-ai/langgraph/releases,LangGraph 1.1.10: Streaming Transformers and Production Agent Stability,LangChain,Tool|Infra,"LangGraph released v1.1.10 with streaming transformer infrastructure improvements, checkpoint enhancements (v4.0.3), and prebuilt agent updates. The framework stabilizes durable agent execution after reaching v1.0 last October.","Streaming infrastructure supports long-running agents that maintain state through infrastructure failures with automatic recovery | Checkpoint updates improve persistence guarantees for multi-day workflows common in production agent fleets | ToolNode now accepts Command/ToolMessage lists, enabling more flexible agent control flow patterns",2026-05-08,2026-05-13,true
https://api-docs.deepseek.com/news/news260424,DeepSeek V4 GA: V4-Pro (49B active) and V4-Flash (13B active) with 1M Context and Dual Reasoning,DeepSeek,Model|Agent,"DeepSeek released V4 in GA (preview in April) with two production-ready MoE models supporting 1M context, dual thinking/non-thinking modes, and OpenAI/Anthropic API compatibility. V4-Pro matches GPT-5.5 and Claude Opus 4.7 on agentic benchmarks at 10-13x lower API cost.",Cost architecture: V4-Pro at $0.435/$0.87/M tokens (post-discount) vs GPT-5.5 at $2.50/$15/M makes open-weight option economically viable for high-volume agent workloads with prompt caching | 1M context and agentic SOT/A benchmarks enable complex multi-step agents without context windowing; fully open weights allow self-hosting for compliance-critical deployments | Dual modes (thinking/non-thinking) and configurable reasoning effort provide cost-quality tradeoffs for agent developers optimizing latency vs accuracy,2026-04-24,2026-05-13,true
https://cloud.google.com/blog/products/ai-machine-learning/introducing-gemini-enterprise-agent-platform,"Google Rebrands Vertex AI as Gemini Enterprise Agent Platform with ADK v1.0, Agent Studio, Memory Bank",Google,Agent|Tool|Infra|Memory,"Google consolidated Vertex AI + Agentspace into Gemini Enterprise Agent Platform at Cloud Next 2026, launching Agent Development Kit v1.0 (Python, Go, Java, TypeScript), Agent Studio low-code builder, and Memory Bank for persistent agent context. ADK supports sub-agents via graph-based framework.","ADK v1.0 stable across 4 languages enables production multi-agent orchestration with first-class sub-agent support; Memory Bank removes need for custom persistence infrastructure | Agent Studio → ADK export workflow bridges no-code prototyping to code-first production without rewrite | Model-agnostic ADK (supports Gemini, Claude, Llama) prevents model lock-in; Native A2A (Agent-to-Agent) protocol v1.2 support enables cross-platform agent coordination at 150+ organizations",2026-04-21,2026-05-13,true
https://mistral.ai/news/mistral-3,"Mistral 3 & Medium 3.5: Vision, Multimodal, Configurable Reasoning in Single Models",Mistral,Model|Agent,"Mistral released Large 3 (675B total / 41B active MoE, 256K context) and Ministral 3 edge variants (14B, 8B, 3B), followed by Medium 3.5 (128B dense) with toggleable reasoning. All multimodal native (not adapters) and Apache 2.0 licensed or custom permissive license.","Medium 3.5 consolidates separate reasoning/code/chat models into one with configurable reasoning_effort dial; $1.50/$7.50 per 1M tokens undercuts GPT-5.4 for reasoning agents | Large 3 reaches #2 on OSS non-reasoning leaderboard; MoE efficiency (41B active from 675B total) enables frontier-class reasoning on smaller inference hardware | Mistral Vibe cloud agents (async, isolated sandboxes) and Le Chat Work Mode with agentic connectors (email, calendar, Slack) add production agent orchestration",2026-04-29,2026-05-13,true
https://ai.meta.com/blog/llama-4-multimodal-intelligence/,"Meta Llama 4 Scout & Maverick: Multimodal MoE, 10M Token Context, Open Weights",Meta,Model|Agent,"Meta released Llama 4 Scout (17B active / 109B total, 16 experts, 10M context) and Maverick (17B active / 400B total, 128 experts, 1M context) as first natively multimodal Llama models with MoE. Both open-weight; Behemoth (288B active) still training. Available on 25+ deployment partners.","Scout's 10M token context (largest open-weight) enables single-pass processing of entire codebases or year-long documentation in agent RAG workflows without context windowing | Maverick matches GPT-4o and Gemini on coding/reasoning; 40B-parameter reduction vs closed models while maintaining agentic capability reduces inference cost for at-scale agent deployment | Zero per-token cost on self-hosted infrastructure eliminates API vendor lock-in; 25+ ecosystem partners (AWS, NVIDIA, Databricks) ensure production deployment paths",2026-04-05,2026-05-13,true
https://www.anthropic.com/news/claude-opus-4-7,"Anthropic releases Claude Opus 4.7 with stronger coding, vision, and cyber safeguards",Anthropic,Model|Agent|Memory,"Claude Opus 4.7 improves agentic coding tasks, long-running software tasks, and vision capabilities with higher resolution. Introduces extra-high ('xhigh') effort level for finer reasoning-latency tradeoff. Pricing unchanged at $5/$25M tokens. Available across all platforms including Azure, Google Vertex, and AWS Bedrock. Operators can now select granular effort levels mid-workflow.",Better for long-running agent tasks (hours/days of continuous execution) | Xhigh effort enables 5-level reasoning control per request | Consistent pricing across platforms simplifies multi-cloud agent deployments | Stronger cybersecurity capability reduces guardrail tuning work,2026-05-04,2026-05-13,true
https://www.anthropic.com/news/claude-platform-aws,"Anthropic launches Claude Platform on AWS with managed agents, code execution, and full API features",Anthropic,Agent|Infra|Memory,"Claude Platform on AWS is now GA, offering Managed Agents API, code execution, web tools, skills, prompt caching, and Files API—all with AWS authentication and billing. First Anthropic-operated service on AWS outside Bedrock. Allows building agents at scale with full Claude API feature parity while keeping data outside AWS boundary for control.",AWS teams can now deploy agents directly without Bedrock intermediation | Managed Agents API eliminates custom orchestration layer | Web tools + code execution expand what agents can do autonomously | Data processed outside AWS boundary meets residency requirements,2026-05-03,2026-05-13,true
https://langfuse.com/docs/roadmap,Langfuse adds Self-Service Enterprise SSO and Experiments CI/CD integration for agent observability,LangFuse,Observability,"Langfuse released self-service Enterprise SSO and Experiments CI/CD integration (May 8-5). Enables teams to gate agent experiment runs on CI/CD pipelines, automating eval workflows. SSO removes manual identity management for enterprise agent teams.",CI/CD integration gates agent deployments on automated evals—catches regressions before production | Unified cost tracking across full agent workflow (not just LLM calls) enables true cost attribution | Enterprise SSO accelerates adoption for large agent teams needing compliance controls,2026-05-08,2026-05-13,true
https://openai.com/index/introducing-gpt-5-5/,GPT-5.5 and GPT-5.5 Pro Available in API,OpenAI,Model,"GPT-5.5 is now available in the Responses and Chat Completions APIs at $5/$30 per 1M tokens, with GPT-5.5 Pro at $30/$180 for higher accuracy. The model excels at coding, research, data analysis, and agentic tasks with improved token efficiency and supports 1M token context. This enables cost-effective upgrades for production agent systems handling knowledge work and complex multi-step reasoning.","API pricing at $5-30 per 1M input tokens makes frontier reasoning accessible vs older enterprise-only tiers | 1M context window enables full codebase analysis in single agent prompt, reducing chunking complexity | Token efficiency of GPT-5.5 vs GPT-5.4 changes cost/benefit calculus for agentic orchestration architectures",2026-04-24,2026-05-13,true
https://docs.langchain.com/oss/python/releases/changelog,"LangGraph 1.2 Release: Node Timeouts, Error Recovery, and DeltaChannel",LangChain,Infra|Agent,"<cite index=""31-4"">LangGraph 1.2 adds finer-grained control over node execution (timeouts, error recovery, and graceful shutdown), a new channel type that cuts checkpoint overhead for long-running threads, and a new content-block-centric streaming API (v3) with typed, per-channel projections.</cite> These reliability primitives enable production-grade fault tolerance and resource management in orchestrated agent systems.","Per-node timeouts prevent runaway agent execution from blocking orchestration layer, critical for multi-tenant deployments | DeltaChannel reduces checkpoint serialization overhead for message-heavy agents, improving latency on long-running tasks | Graceful shutdown with resumable checkpoints enables zero-downtime agent deployments and infrastructure maintenance",2026-05-12,2026-05-13,true
https://mistral.ai/news/vibe-remote-agents-mistral-medium-3-5,Mistral Medium 3.5 with Configurable Reasoning Effort and Remote Cloud Agents in Vibe,Mistral,Model|Agent,"<cite index=""64-7,64-8"">Mistral announced remote coding agents for its Vibe platform, powered by Mistral Medium 3.5, running sessions in the cloud asynchronously and in parallel without watching over them.</cite> <cite index=""63-15,63-16"">Reasoning effort is now configurable per request, so the same model can answer a quick chat reply or work through a complex agentic run, without switching models.</cite> This eliminates local machine bottlenecks in agentic coding workflows.","Remote cloud agents decouple agent execution from developer laptop, enabling hands-off multi-agent parallel runs | Configurable reasoning_effort per request reduces model switching overhead in mixed-workload pipelines | Vibe integrates GitHub, Linear, Jira, Sentry, Slack directly, enabling end-to-end agent workflows without custom connectors",2026-04-29,2026-05-13,true
https://azure.microsoft.com/en-us/blog/openais-gpt-5-5-in-microsoft-foundry-frontier-intelligence-on-an-enterprise-ready-platform/,GPT-5.5 Now Generally Available in Microsoft Foundry with Foundry Agent Service,Microsoft,Model|Agent|Infra,"OpenAI's GPT-5.5 is now GA in Microsoft Foundry with Foundry Agent Service integration, enabling enterprise-ready agents at scale. LangGraph, Claude Agent SDK, and OpenAI Agents SDKs all work with hosted agents in isolated sandboxes with scale-to-zero pricing. This consolidates agent development across multiple frameworks into a unified enterprise platform with native identity and governance.","GPT-5.5 enables frontier-class agentic reasoning (coding, DevOps, legal analysis) with enterprise isolation and audit logging | Multi-framework agent compatibility (LangGraph, Claude SDK, OpenAI SDK) removes vendor lock-in for agent orchestration | Scale-to-zero billing for agent sandboxes reduces baseline infrastructure costs for experimental or bursty workloads",2026-05-14,2026-05-14,true
https://huggingface.co/deepseek-ai/DeepSeek-V4-Pro,"DeepSeek V4 Released: 1.6T Parameters, 1M Context, Hybrid Attention for Cost-Efficient Long-Context Agents",DeepSeek,Model|Agent,"DeepSeek V4 (Pro: 1.6T params, 49B active; Flash: 284B params, 13B active) with 1M token context and hybrid attention architecture (CSA + HCA) achieves 27% of V3.2 inference FLOPs and 10% KV cache on long-context tasks. MIT-licensed, open-weight model matches GPT-5.5 and Opus 4.7 on agentic benchmarks at fraction of cost. Directly addressable via MCP for agent tool integration.","V4's compressed attention halves long-context inference cost, enabling agents to hold entire codebases or document archives in working memory without token-window fragmentation | Open-weight with MIT license removes API dependency—teams can self-host agents and avoid per-call billing for high-volume agentic workflows | Competitive agentic performance at <$1.10/M output tokens vs GPT-5.5 ($10+/M) shifts economics from 'can we afford this API call' to 'can we structure this pipeline'",2026-04-24,2026-05-14,true
https://langfuse.com/,"Langfuse: Open-Source LLM Observability with Tracing, Evals, and Prompt Management",LangFuse,Observability|Tool,"Langfuse (MIT open-source, 2,300+ companies using) provides LLM observability with traces, evals, prompt versioning, and analytics. Self-hostable or managed cloud; integrates with LangChain, OpenAI SDK, LiteLLM via decorators and SDKs. 50k traces/month free tier. Solves agent-specific tracing challenge: capturing multi-step tool calls, retrieval failures, and token overflow silently breaking agentic workflows.","Open-source observability avoids vendor lock-in on agent debugging—Langfuse can be self-hosted on private infrastructure for teams with data residency mandates | Automatic tracing for agent tool calls, retries, and sub-agent invocations provides visibility into failure modes (retrieval drops, hallucinations at step 3 corrupting steps 4-10) invisible to infrastructure monitoring | Eval framework enables regression testing of agent behavior—automated scoring across prompt changes and model updates prevents silent degradation in production agents",2026-05-14,2026-05-14,true
https://devblogs.microsoft.com/foundry/whats-new-in-microsoft-foundry-mar-2026/,What's New in Microsoft Foundry | March 2026,Microsoft,Agent|Tool|Infra|Memory,"Microsoft Foundry shipped SDKs v2.0.0 GA (Python, JS/TS, Java; .NET April 1) with unified AIProjectClient consolidating agents, evals, memory, and inference. Voice Live runtime and agent tracing reached GA, enabling real-time voice-to-speech agent interactions with same evaluators and cost visibility. Private networking support extended to tool connectivity (MCP servers, Azure AI Search, Fabric data agents) for isolated environments.",Simplified agent SDK surface eliminates separate azure-ai-agents dependency | Voice Live collapses STT→LLM→TTS into single managed API for multimodal agents | Private networking extends enterprise deployment options for regulated workloads,2026-03-01,2026-05-14,true
https://www.edtechinnovationhub.com/news/anthropic-brings-persistent-memory-to-claude-managed-agents-in-public-beta,Anthropic adds persistent memory to Claude Managed Agents in public beta,Anthropic,Agent|Memory,"Anthropic launched persistent memory for Claude Managed Agents in public beta (April 23, 2026), storing memories as filesystem-based files with audit trails and rollback capability. Netflix and Rakuten report 97% error reduction and 27% cost improvement using memory for cross-session learning.",Filesystem-backed memory enables developer control versus proprietary black boxes | Audit trails and rollback provide enterprise compliance visibility | Measurable 97% error reduction and cost savings validate memory's impact on production agent performance,2026-04-23,2026-05-14,true
https://platform.claude.com/docs/en/agents-and-tools/tool-use/memory-tool,Memory tool - Claude API Docs,Anthropic,Agent|Memory|Tool,"Claude memory tool enables agents to store and retrieve information across conversations through persistent memory file directories. Agents can create, read, update, and delete files that persist between sessions, enabling knowledge accumulation over time without prompt engineering.",Eliminate manual prompt updates for agent learning across sessions | File-based memory integrates with existing version control and backup strategies | Reduces context window pressure by keeping working memory in persistent store,2026-04-01,2026-05-14,true
https://www.langchain.com/blog/april-2026-langchain-newsletter,April 2026: LangChain Newsletter,LangChain,Agent|Infra|Observability,"LangSmith Fleet renamed from Agent Builder with 30+ evaluator templates, cost alerting, and RBAC/ABAC for tools and agents. Deep Agents shipped async subagents for long-running complex tasks. Arcade.dev's 7,500+ agent-optimized tools now available directly in Fleet.","Cost alerting catches agent cost regressions before production impact | RBAC/ABAC enables team-scale agent governance without per-agent reconfiguration | 7,500+ pre-integrated tools reduce agent build time and expand capability breadth",2026-04-15,2026-05-14,true
https://changelog.langchain.com/,LangChain Changelog,LangChain,Agent|Observability,LangSmith unified cost tracking across full agent workflow (not just LLM calls) with custom cost metadata submission. Agent Builder renamed to LangSmith Fleet. Insights Agent now runs on schedule without manual triggers.,End-to-end cost visibility enables TCO-based agent routing decisions | Scheduled Insights Agent removes manual analysis burden for production monitoring | Fleet rename signals LangChain's pivot from single-agent to multi-agent orchestration,2026-02-19,2026-05-14,true
https://mistral.ai/news/mistral-workflows,Mistral Workflows (formerly Forge),Mistral,Agent|Infra|Tool,"Mistral Workflows built on Temporal's durable execution engine enabling long-running agent orchestration. Separates control plane (Mistral-hosted) from data plane (customer Kubernetes). SDK handles retry, tracing, timeouts, rate limiting, and HITL through decorators.",Durable execution eliminates agent crash loss without expensive state serialization | Control plane/data plane separation enables enterprise data residency requirements | Decorator-based SDK reduces boilerplate for complex orchestration patterns,2026-03-20,2026-05-14,true
https://gpt-realtime-1.5-2026-02-23,GPT Realtime 1.5 & GPT Audio 1.5 Models Now Available,OpenAI,Model|Agent,"GPT Realtime 1.5 and GPT Audio 1.5 models now GA on Azure. Improved instruction following on tone/pacing/escalation. New standard voices (Marin, Cedar). Async function calling enables sessions to continue during pending function calls. Conversation mode with VAD for turn-taking.",Async function calling enables concurrent tool execution without blocking agent interactions | Improved instruction following on tone makes agents more controllable for agentic workflows | Conversation mode with VAD eliminates manual turn detection for voice agents,2026-02-23,2026-05-14,true
https://releasebot.io/updates/anthropic/claude,Claude Updates by Anthropic - May 2026,Anthropic,Agent|Tool|Memory,"Claude Platform on AWS GA (AWS billing, IAM auth, managed agents, code execution, skills). Agent view in Cowork Research Preview enables scaling concurrent sessions and managing long-running agents. Advisor tool enables Sonnet to consult Opus for complex reasoning without cost of pure Opus runs.",Platform on AWS enables native AWS IAM/billing integration for enterprise deployments | Advisor tool pattern enables cost-effective multi-model orchestration within single agent | Agent view consolidates session management across concurrent long-running tasks,2026-05-01,2026-05-14,true
https://www.langchain.com/blog/introducing-langsmith-engine,LangSmith Engine: Autonomous Agent Failure Detection and Fix Generation,LangChain,Observability|Agent,"LangSmith Engine automates the agent improvement cycle by clustering production failures into issues, diagnosing root causes against code, and drafting PRs and evaluators. This replaces the manual cycle of reading traces, spotting patterns, and writing fixes, making it easier to scale agent quality at production speed.",Reduces manual debugging overhead for agent development teams | Automatically generates evals from production failures to prevent regressions | Tightens observability-to-fix feedback loop for faster iteration,2026-05-13,2026-05-15,true
https://releasebot.io/updates/anthropic,Anthropic Claude Platform on AWS and Billing Restructuring,Anthropic,Agent|Infra,"Anthropic announced Claude Platform on AWS (GA) with full API feature set including managed agents, skills, and code execution with AWS billing and IAM. Simultaneously, starting June 15, subscription billing splits into interactive and programmatic pools, moving Agent SDK usage from subscription limits to dedicated API credits ($20-$200/month by tier). This restructuring directly impacts cost modeling for agent applications and deployment architecture decisions.","Managed agents on AWS remove cold-start overhead and support long-running workflows with native AWS integration | Billing split on June 15 requires immediate cost recalculation for agent workloads; subscriptions no longer subsidize programmatic usage at 15-30x discount | Skills (beta) and Files API (beta) on AWS create new capabilities for stateful, persistent agent memory and tool composition",2026-05-14,2026-05-16,true
https://pypi.org/project/openai-agents/,OpenAI Agents SDK v0.17.3 Released,OpenAI,Agent|Tool,"OpenAI released the latest version of its Agents SDK on May 19, 2026, bringing updates to the multi-agent workflow framework. The SDK continues to be provider-agnostic, supporting OpenAI Responses and Chat Completions APIs as well as 100+ other LLMs. This keeps the framework competitive for teams building multi-step agentic applications that need portability across different model providers.",Latest SDK maintains compatibility across 100+ LLMs via LiteLLM | Updates to sandbox agents and multi-agent handoff capabilities | Enables durable execution and human-in-the-loop workflows,2026-05-19,2026-05-19,true
https://blog.google/innovation-and-ai/technology/ai/google-io-2026-all-our-announcements/,Gemini 3.5 Flash & Managed Agents at Google I/O 2026,Google,Model|Agent|Tool,"Google unveiled Gemini 3.5 Flash as a frontier-class model delivering near-GPT-4 performance at half the cost, alongside Managed Agents API powered by the new Antigravity agent harness for secure, Google-hosted agent deployment. The flash model's cost efficiency and the Managed Agents' built-in sandboxing directly reduce infrastructure decisions for enterprises choosing between self-hosted and managed agent infrastructure.","Frontier model pricing compressed (50% cost vs. flagship competitors) enables cost-optimized agentic architectures | Managed Agents API on Google Cloud removes infrastructure setup friction for agents requiring compliance, audit trails, and Google Cloud IAM/PrivateLink",2026-05-20,2026-05-22,true
https://www.alibabacloud.com/blog/qwen3-7-the-agent-frontier_603154,Qwen3.7: The Agent Frontier,Alibaba,Model|Agent,"Alibaba introduced Qwen3.7-Max at the Alibaba Cloud Summit in Hangzhou on May 20 as a closed-weight frontier model for long-horizon agentic tasks, scoring 56.6 on the AI Intelligence Index and topping Claude Opus 4.6 Max on Terminal-Bench 2.0. The model sustains autonomous operation for 35+ hours and handles 1,000+ tool calls without performance degradation, with a 1M-token context window. Pricing at $2.50/$7.50 per 1M tokens makes it roughly half the cost of Opus 4.7 on a per-token basis.",Frontier-class agentic coding at half Opus 4.7 cost — viable for high-volume agent workloads | 35-hour uninterrupted operation removes need for external session management in long-horizon tasks | 1M-token context supports full codebase in working memory for single-pass agent reasoning | Available on OpenRouter and Together AI — immediate drop-in for multi-model routing stacks,2026-05-20,2026-05-27,true
https://cohere.com/blog/command-a-plus,Introducing Command A+,Cohere,Model|Infra,"Cohere released Command A+, a 218B sparse MoE model with 25B active parameters, as the first fully Apache 2.0-licensed enterprise-grade large model. The model runs on 2 NVIDIA H100 GPUs via lossless W4A4 quantization, features native citation grounding that links every factual claim to source documents, and enables sovereign AI deployments for enterprises requiring on-premises frontier-class inference. This is Cohere's second open-source release, following its planned acquisition of Aleph Alpha.","First Apache 2.0 frontier MoE — self-host, fine-tune, and redistribute with zero licensing restrictions | Runs on 2 H100s — deployable on existing enterprise GPU clusters without new dedicated hardware | Lossless W4A4 quantization halves memory footprint with no accuracy regression for on-prem RAG | Native citation grounding provides per-claim source attribution — reduces hallucination risk in regulated environments",2026-05-20,2026-05-27,true
https://openai.com/index/model-disproves-discrete-geometry-conjecture/,An OpenAI model has disproved a central conjecture in discrete geometry,OpenAI,Model,"A general-purpose OpenAI reasoning model autonomously disproved a long-standing conjecture in discrete geometry, producing an infinite family of counterexamples independently verified by external mathematicians. This is the first time a prominent open mathematical problem central to a subfield has been solved autonomously by AI using a model not specifically trained for mathematics. The proof also revealed richer mathematical structure whose full significance is still being explored by researchers.",Validates that general-purpose reasoning models can produce novel mathematical discoveries — expands AI scope into research collaboration | Proof independently verified by domain experts — establishes a validation methodology for agent-driven technical R&D outputs | Signals multi-step autonomous reasoning approaching quality threshold needed for agentic R&D acceleration use cases,2026-05-22,2026-05-27,true
https://x.ai/news/grok-skills,"Skills in web, iOS, and Android",xAI,Agent|Tool,"xAI launched Custom Skills for Grok on May 26, enabling persistent reusable automation tasks created via natural language description or file upload with no coding required. Skills persist across all conversations so Grok applies defined workflows, preferences, and document-handling routines automatically without per-session re-instruction. Built-in generation supports Word, PowerPoint, Excel, and PDF outputs, and skills can be shared team-wide.","Persistent skills eliminate per-session context injection — reduces token overhead in recurring structured workflows | Natural language skill creation removes SDK requirement — enables non-developer teams to define agent automation | Built-in file generation (Word, PPT, Excel, PDF) adds document output to agentic workflows without custom tooling | Team sharing enables centralized skill library — standardizes agent behavior across an organization",2026-05-26,2026-05-27,true
https://langfuse.com/changelog/2026-05-26-langfuse-agent-skill,Langfuse Agent Skill,LangFuse,Tool|Agent,"Langfuse released an official Agent Skill following the open Agent Skills standard on May 26, enabling AI coding agents (Claude Code, Cursor, Codex, and others) to directly invoke Langfuse observability and evaluation capabilities through natural language commands. The skill encodes proven Langfuse practices for tracing, evaluation, and prompt management into lightweight agent context, turning Langfuse into a headless observability platform operable from inside coding agent sessions.","Coding agents can instrument and query Langfuse traces without leaving the agent workflow — observability joins the development loop | Lightweight skill context cuts token overhead vs embedding full documentation into agent prompts | Works with Claude Code, Cursor, Codex, Hermes — observability stack stays tool-agnostic across agent frameworks | Eliminates context-switching between development and observability — speeds multi-step agent failure debugging",2026-05-26,2026-05-27,true
https://www.alibabacloud.com/en/press-room/alibaba-cloud-unveil-advanced-agentic-ai-ecosystem,Alibaba Cloud Unveils Advanced Agentic AI Ecosystem for Global Customers,Alibaba,Agent|Tool|Infra,"At its inaugural international Qwen Conference in Singapore on May 26, Alibaba Cloud launched a Skills Portal converting 60+ cloud services into MCP-compatible skill endpoints for AI agents, Qwen Cloud (an AI-native platform for agent application development), and JVS Agent Suite with JVS Claw Teams for 24/7 autonomous cloud operations with integrated security management. These announcements mark Alibaba Cloud's first major push to position itself as a full-stack agentic deployment platform for global enterprises.",MCP-compatible Skills Portal makes 60+ Alibaba Cloud services callable by agents as native functions — eliminates custom API wrapper development | JVS Claw Teams enables 24/7 autonomous cloud operation with centralized skill distribution and security management | Lightweight agent sandboxes and cross-task memory reduce orchestration overhead in cloud-native agent deployments | Qwen Cloud provides unified surface for building and managing agent applications without stitching multiple services,2026-05-26,2026-05-27,true
https://www.anthropic.com/research/glasswing-initial-update,Project Glasswing: An initial update,Anthropic,Tool|Agent,"Anthropic reported on May 26 that 50+ Project Glasswing partners using Claude Mythos Preview have collectively found over 10,000 high- or critical-severity vulnerabilities in critical software systems, with individual partners reporting 10x acceleration in bug-discovery rates. Partners include CrowdStrike, Palo Alto Networks, SentinelOne, Wiz, and TrendAI, all integrating Opus 4.7 into their security platforms. Mythos Preview independently found 3,900+ vulnerabilities in open-source code, including a certificate-forging flaw in wolfSSL used by billions of devices.","AI-powered vulnerability discovery demonstrably 10x faster than manual review — shifts security from reactive patching to proactive elimination | 10,000+ confirmed critical vulnerabilities validates Claude-powered security agents as enterprise-grade production tools | Integration into CrowdStrike, Palo Alto, Wiz, SentinelOne gives existing platform customers immediate access to AI scanning | Sets precedent for AI-augmented responsible disclosure at scale — critical for teams managing open-source dependency risk",2026-05-26,2026-05-27,true
https://nvidianews.nvidia.com/news/nvidia-expands-open-model-families-to-power-the-next-wave-of-agentic-physical-and-healthcare-ai,"NVIDIA Expands Open Model Families to Power the Next Wave of Agentic, Physical and Healthcare AI",NVIDIA,Model|Agent|Infra,"NVIDIA launched the Nemotron 3 family of open agentic models on May 27, including Nano (30B/3B active), Super (120B/12B active), and Ultra sizes using a hybrid latent MoE architecture that delivers 5x higher throughput than the previous generation for multi-agent systems. The family expands to Nemotron 3 Nano Omni for multimodal agent perception (video/audio/image/text) and new physical AI and healthcare domain models, all available as open weights. Super and Ultra are targeted for H1 2026 general availability.",Nemotron 3 Super's 5x throughput improvement reduces per-agent inference cost in high-concurrency multi-agent systems | Open weights enable enterprise fine-tuning for vertical domains without API rate limits or data exposure | Hybrid latent MoE achieves near-frontier performance with lower active parameter counts — lowers inference hardware requirements | Nano Omni multimodal model eliminates separate specialized models per modality in agent perception pipelines,2026-05-27,2026-05-27,true
https://x.ai/news/grok-build-cli,Introducing Grok Build,xAI,Agent|Tool,"xAI launched Grok Build, a CLI coding agent for professional software engineering, in public beta on May 25 for SuperGrok and X Premium Plus subscribers. The agent supports plan mode with per-step human approval, parallel subagents for large codebase decomposition, and headless mode for CI pipeline scripting. The underlying grok-build-0.1 model entered API public beta on May 28 at $1 per 1M input and $2 per 1M output tokens at 100+ tokens/second.",Plan mode with per-step approval gives auditable control over autonomous code changes | Parallel subagent architecture handles large codebase tasks by delegating independent sub-tasks | Headless mode enables CI/CD pipeline integration for automated code generation jobs | API at $1/$2 per 1M tokens undercuts comparable coding agents on cost,2026-05-25,2026-05-28,true
https://langfuse.com/changelog/2026-05-25-experiment-ci-cd-gates,Experiments CI/CD integration,LangFuse,Tool,"Langfuse released a GitHub Action (langfuse/experiment-action) on May 25 as part of Launch Week 5, enabling automated quality gates on pull requests against versioned Langfuse datasets. The action tests agent pipelines, blocks merges when accuracy drops below configured thresholds, and posts evaluation results inline on the pull request. Requires Langfuse Python SDK v4.6.0+ or JS SDK v5.3.0+.",Automated eval gates on every PR prevent agent quality regressions from shipping to production | Dataset-versioned thresholds enforce repeatable quality standards across prompt and model changes | PR-inline eval results surface agent failures in developer workflow without context switching | Zero new infrastructure required — integrates into existing GitHub Actions CI pipelines,2026-05-25,2026-05-28,true
https://nvidianews.nvidia.com/news/nvidia-announces-major-release-of-cosmos-world-foundation-models-and-physical-ai-data-tools,NVIDIA Announces Major Release of Cosmos World Foundation Models and Physical AI Data Tools,NVIDIA,Model|Infra,"NVIDIA released major updates to its Cosmos world foundation model platform on May 21, introducing Cosmos Predict models that generate virtual world states from multimodal inputs to predict motion trajectories and intermediate actions. The Physical AI Data Factory Blueprint provides an open reference architecture for large-scale synthetic training data with unified curation and evaluation. Early adopters include Agility Robotics, Figure AI, Skild AI, and Uber for physical AI and autonomous vehicle training.",Cosmos Predict synthetic data generation replaces costly real-world data collection for physical AI | Physical AI Data Factory Blueprint gives reproducible pipeline for synthetic data curation at scale | Open-weight Cosmos models on GitHub support self-hosted physical AI workflows without API dependency | Omniverse integration creates full simulation-to-deployment stack for agentic physical AI systems,2026-05-21,2026-05-28,true
https://www.anthropic.com/news/claude-opus-4-8,Introducing Claude Opus 4.8,Anthropic,Model|Agent,"Anthropic released Claude Opus 4.8 on May 28, 2026, 41 days after Opus 4.7, with improvements across benchmarks and a new top position on the Super-Agent benchmark where it is the only model to complete every case end-to-end, beating GPT-5.5 at pricing parity. Fast mode (2.5x speed) is now 3x cheaper than for Opus 4.7. Claude Code gains a dynamic workflows feature for tackling very large-scale software engineering tasks, and users on claude.ai can set per-task effort levels.",Super-Agent benchmark leader at parity with GPT-5.5 cost removes price/performance compromise for production agentic workloads | Fast mode 3x cheaper unlocks cost-effective speed controls for latency-sensitive agent pipelines | Dynamic workflows in Claude Code enable large-scale autonomous software engineering without manual task decomposition | Per-task effort control on claude.ai gives operators quality/cost tuning without model switching overhead,2026-05-28,2026-05-29,true
https://blog.google/innovation-and-ai/models-and-research/gemini-models/gemini-omni/,Introducing Gemini Omni,Google,Model|Tool,"Gemini Omni Flash rolled out on May 29, 2026 to all Google AI Plus, Pro, and Ultra subscribers globally through the Gemini app and Google Flow, with developer and enterprise API access coming in the following weeks. Gemini Omni is Google's first any-to-any model, accepting any combination of text, images, audio, and video as input and generating high-quality video output grounded in Gemini's real-world knowledge. It is also available at no cost on YouTube Shorts and YouTube Create App.",Any-to-any generation (text/image/audio/video input to video output) consolidates what previously required separate specialist models into one API | Available immediately to Google AI subscribers as the fastest path to test multimodal video generation in production workflows | Developer API rollout in following weeks enables programmatic video generation integration into agent pipelines | YouTube Shorts integration at scale demonstrates commercial deployment readiness for any-to-any generation,2026-05-29,2026-05-29,true
https://www.bloomberg.com/news/articles/2026-05-27/meta-to-sell-ai-chatbot-subscriptions-in-bid-to-offset-spending,Meta Launches AI Chatbot Subscriptions: Meta One Plus and Meta One Premium,Meta,Model,"Meta announced on May 27, 2026 plans to introduce Meta One Plus ($7.99/mo) and Meta One Premium ($19.99/mo) subscription tiers for Meta AI, initially testing in Singapore, Guatemala, and Bolivia. Premium unlocks extended thinking-mode compute and higher-capacity video and image generation across Instagram, Facebook, and WhatsApp. This marks Meta AI's transition from ad-subsidized free access to a direct compute monetization model.",Tiered compute model shifts Meta AI to direct monetization — budget impact for teams currently relying on free API access for agent deployments | Premium thinking-mode capacity makes Meta AI viable for reasoning-heavy enterprise use cases at potentially lower cost than OpenAI or Anthropic | Volume constraints will emerge on free tier for teams relying on unlimited access for high-frequency agent workflows | API developers should monitor whether Meta One tiers gate compute-intensive model capabilities programmatically,2026-05-27,2026-05-29,true
https://mistral.ai/news/ai-now-summit-2026/,"Mistral AI Now Summit 2026: Vibe Platform Launch, Industrial AI Expansion, New Inference Datacenter",Mistral,Agent|Infra,"At its inaugural AI Now Summit in Paris on May 28, Mistral announced Le Chat is rebranded to Vibe and repositioned as a long-running agent platform for inbox, calendar, deep research, deliverable drafting, and full-cycle coding from request to merged PR. The company signed Airbus and BMW as customers for industrial AI applied to design, simulation, and quality control. A new 10 MW inference-only data center in Les Ulis, France opens Q3 2026 to serve European enterprise demand.","Vibe platform rebrand unifies Mistral's chat, research, and coding agents under a single enterprise product — reduces integration complexity for enterprise evaluators | Industrial AI stack for Airbus/BMW validates frontier LLM feasibility for physics simulation and manufacturing quality control | 10 MW EU-based inference data center enables GDPR-compliant low-latency inference without US data routing for European enterprises | Company targeting EUR1B 2026 revenue with 1,000 employees signals sustained R&D investment capacity",2026-05-28,2026-05-29,true
https://www.bloomberg.com/news/articles/2026-05-23/deepseek-to-make-permanent-75-discount-on-flagship-ai-model,DeepSeek Makes 75% Discount on V4-Pro Permanent,DeepSeek,Model,"DeepSeek announced on May 23, 2026 that it will permanently extend the 75% discount on V4-Pro API pricing that was originally set to expire at end of May. V4-Pro is now permanently priced at approximately $0.435 per 1M input tokens and $0.87 per 1M output tokens, cementing its position as the most cost-efficient frontier-class agentic model available via API. This eliminates the pricing uncertainty that had been a risk factor for budget planning on V4-Pro-powered agent deployments.",Permanent discount locks V4-Pro as the low-cost frontier tier — eliminates pricing risk for multi-year agent deployment budget planning | 10-35x cost differential vs GPT-5.5 ($5-30/M) shifts agent ROI economics substantially for high-volume workloads | Teams building cost-optimized model routing can reliably pin V4-Pro as the frontier-class low-cost leg without price volatility | V4-Pro matches GPT-5.5 on agentic benchmarks at fraction of cost — permanent pricing removes the final adoption risk barrier,2026-05-23,2026-05-29,true
https://www.microsoft.com/en-us/microsoft-copilot/blog/copilot-studio/new-and-improved-computer-using-agents-a-new-workflows-experience-and-real-time-voice-experiences/,"Copilot Studio May 2026: Computer-Using Agents GA, Real-Time Voice Agents GA, Redesigned Workflows",Microsoft,Agent|Tool,"Microsoft's May 26 Copilot Studio update brings computer-using agents to general availability, enabling agents to interact directly with websites and desktop applications through their user interfaces without brittle RPA scripts. Real-time voice agents are now GA in North America via Dynamics 365 Contact Center with caller identification and context preservation through handoffs. The redesigned visual workflow designer embeds agents into multi-step automation on a unified canvas. The upgraded orchestration layer delivers approximately 20% better eval performance at 50% lower token consumption.",Computer-using agents GA eliminates need for brittle UI automation scripts — agents drive legacy systems and websites without custom API integrations | Real-time voice GA enables production contact center deployments without custom STT/TTS pipelines | 50% token reduction in orchestration layer cuts infrastructure costs for agent-heavy Copilot Studio deployments at scale | Work IQ REST API and agent-to-agent communication provide programmatic composition of enterprise agent workflows,2026-05-26,2026-05-29,true
https://openai.com/index/strengthening-societal-resilience-with-rosalind-biodefense/,Strengthening Societal Resilience with Rosalind Biodefense,OpenAI,Model|Tool,"OpenAI launched Rosalind Biodefense on May 29, 2026, expanding trusted API access to GPT-Rosalind — a domain-specialized life sciences reasoning model — to vetted U.S. government and allied partners with approved biodefense and public health missions. Approved teams can apply the model to early warning systems, outbreak response planning, diagnostics, preparedness, and medical countermeasure development. Access requires formal application with mission verification.","GPT-Rosalind introduces a domain-specialized life sciences model — signals growing market for vertical-specific foundation models beyond general-purpose reasoning | Gated access with mission verification establishes a regulated deployment pattern applicable to defense, healthcare, and critical infrastructure AI | Healthcare and pharma R&D teams can apply for access to accelerate biodefense-adjacent discovery workflows | Demonstrates OpenAI Frontier Governance Framework in practice: high-risk domain models managed through controlled access tiers",2026-05-29,2026-05-29,true
https://mistral.ai/news/vibe-agent/,Vibe gets to work.,Mistral,Agent|Tool,"Mistral announced Vibe Work Mode on May 28 as a flagship product capability of the rebranded Le Chat platform, enabling long-running autonomous task execution across email, calendar, deep research, and end-to-end coding from feature request to merged pull request. The Vibe CLI gains subagents, custom modes, and slash-command skill loading for terminal-native agentic workflows. Available on Pro and Team plans with pay-as-you-go credits.","Vibe Work Mode enables unattended long-horizon professional task execution without per-step human approval | CLI subagents and custom modes enable parallel or composable agentic workflows from a single terminal session | End-to-end coding pipeline (request to merged PR) eliminates custom orchestration layer for developer-team agents | Pro/Team plans with PAYG credits scale agent cost to actual usage without fixed infrastructure overhead",2026-05-28,2026-05-30,true
https://www.microsoft.com/en-us/microsoft-copilot/blog/copilot-studio/mistral-joins-copilot-studios-growing-lineup-of-model-providers/,Mistral Medium 3.5 joins Copilot Studio model lineup for agents,Microsoft,Model|Routing,"Microsoft added Mistral Medium 3.5 to Copilot Studio as a selectable model provider for agent building on May 28, expanding model choice with configurable reasoning effort, strong multilingual support, and in-region EU data processing. Available globally in early release environments with admin opt-in through the Microsoft 365 admin center and Power Platform admin center. The model excels at long-horizon tool-calling tasks and structured output generation.","Configurable reasoning_effort per request enables cost-quality tradeoff in Copilot Studio without switching agent frameworks | EU in-region inference satisfies GDPR data residency requirements for European enterprise agent deployments | Multi-model lineup in Copilot Studio reduces single-vendor dependency for production agent operators | Admin-governed tenant opt-in enables centralized enterprise AI model policy without per-agent reconfiguration",2026-05-28,2026-05-30,true
https://github.com/openai/codex/releases/tag/rust-v0.134.0,"Codex CLI 0.134.0: MCP per-server env targeting, OAuth for streamable HTTP, and parallel read-only tools",OpenAI,Tool,"OpenAI released Codex CLI v0.134.0 on May 26 with per-server MCP environment variable targeting and OAuth authentication for streamable HTTP MCP servers, enabling agents to connect to multiple private MCP endpoints with distinct, isolated credentials. Read-only MCP tools now execute in parallel when they advertise readOnlyHint, reducing round-trip latency for agents making concurrent data-fetching calls. Conversation history search and --profile as the canonical profile selector were also added to improve developer experience in iterative agent workflows.","Per-server MCP env targeting prevents credential mixing across multiple private MCP endpoints in production agents|OAuth for streamable HTTP MCP removes static API keys from agent-to-service connections|Parallel read-only MCP tool execution reduces latency for agents making concurrent data-fetch calls|Conversation history search speeds iterative agent development by enabling fast context retrieval across sessions",2026-05-26,2026-05-31,true
https://github.com/langfuse/langfuse/releases/tag/v3.176.0,"Langfuse v3.176.0: MCP Server Expanded with Metrics, Scores, Datasets, FTS, and Code Evaluators",LangFuse,Tool|Agent,"Langfuse v3.176.0 expands the hosted MCP server beyond prompt management to expose metrics, scores, media, health checks, comments, datasets, and annotation queues to MCP-compatible agents, eliminating custom API wrapper requirements in agent-driven observability workflows. The same release ships full-text search over traces and code-based evaluators, enabling natural language trace queries and arbitrary programmatic scoring logic as alternatives to manual annotation. In-app agent API keys provide secure autonomous access to the Langfuse platform without requiring human credential injection per session.","Full Langfuse data platform now accessible via MCP: agents query traces, scores, and datasets natively|Code-based evaluators support arbitrary programmatic scoring logic replacing manual annotation for agent output review|Full-text search over traces enables natural language failure pattern discovery in production agent pipelines|In-app agent API keys enable autonomous Langfuse access without per-session human credential management",2026-05-28,2026-05-31,true
"https://x.ai/news/composer-2-5","Composer 2.5: New Agentic Coding Model Inside Grok Build","xAI","Model|Agent","xAI launched Composer 2.5 on June 1 inside Grok Build, an agentic coding model built on Moonshot's Kimi K2.5 open-source checkpoint and trained with 25x more synthetic tasks than its predecessor. It is optimized for tool use, function calling, and JSON output in long-running agentic tasks. Pricing starts at $0.50/$2.50 per 1M input/output tokens, roughly 50% cheaper on input than the prior grok-build-0.1 model.","Agentic coding costs drop ~50% on input tokens vs grok-build-0.1 — direct cost benefit for CI pipeline and batch agent workloads | Optimized for tool use and JSON output reduces parsing failures in production agentic pipelines | Built on open Kimi K2.5 checkpoint enables reproducibility analysis and community fine-tuning experiments | Available in Grok Build with no waitlist — immediate production option for teams evaluating the platform","2026-06-01","2026-06-01","true"
"https://openai.com/index/introducing-upgrades-to-codex/","Introducing Upgrades to Codex: Computer Use on Windows, Goal Mode GA, Appshots","OpenAI","Agent|Tool","OpenAI upgraded Codex on May 29, 2026 adding Computer Use on Windows (Codex can now see, click, and type in Windows desktop apps), Goal Mode reaching general availability across the app, IDE extension, and CLI, and Appshots for instant screen-context sharing on macOS. Goal Mode lets Codex pursue a defined objective for hours or days without per-step approval. Remote steering of Windows machines from iOS, Android, or Mac enables distributed team workflows.","Computer Use on Windows removes the macOS-only constraint — unlocks full-desktop agent automation on the dominant enterprise OS | Goal Mode GA enables multi-day autonomous coding sessions with defined success criteria — reduces manual checkpointing overhead | Appshots attach the active app window to a Codex thread with one hotkey — eliminates prompt engineering overhead for screen context | Remote Windows control from mobile lets team leads delegate and steer agent tasks without physical access to the machine","2026-05-29","2026-06-01","true"
"https://nvidianews.nvidia.com/news/nvidia-launches-vera-cpu-purpose-built-for-agentic-ai","NVIDIA Launches Vera CPU, Purpose-Built for Agentic AI","NVIDIA","Infra","NVIDIA launched the Vera CPU at Computex 2026, the world's first processor specifically designed for agentic AI and reinforcement learning workloads, delivering 2x efficiency and 50% faster task completion than traditional rack-scale CPUs. OCI plans to deploy hundreds of thousands of Vera CPUs in 2026, and the Vera Rubin platform is entering full production with H2 2026 partner availability. The CPU targets the orchestration and RL compute layers of large-scale agent systems.","2x efficiency per agentic AI workload reduces infrastructure cost at scale for high-concurrency agent deployments | First CPU purpose-built for RL improves fine-tuning throughput without routing all work through GPU-only pipelines | OCI deployment at scale creates near-term cloud availability for agentic workloads without private data center | H2 2026 partner availability provides concrete upgrade path for teams planning next-generation agent infrastructure","2026-06-01","2026-06-01","true"
"https://nvidianews.nvidia.com/news/nvidia-dgx-station-for-windows-puts-a-trillion-parameter-ai-supercomputer-on-every-enterprise-desk","NVIDIA DGX Station for Windows: Trillion-Parameter AI Supercomputer for Enterprise Desks","NVIDIA","Infra","NVIDIA announced DGX Station for Windows at Computex 2026, a deskside AI supercomputer built on the GB300 Grace Blackwell Ultra Desktop Superchip capable of running frontier models up to 1 trillion parameters locally without cloud dependency. Available from ASUS, BOXX, Dell, HP, Lambda, and Supermicro in Q4 2026, it enables enterprise teams to run and fine-tune the largest open-weight models entirely on-premises on Windows.","1T-parameter local inference eliminates cloud API costs and latency for teams running large open-weight models in regulated production environments | On-premises Windows deployment satisfies data residency and sovereignty requirements for financial, healthcare, and government customers | Q4 2026 OEM availability from major hardware vendors provides a concrete procurement path for enterprise AI infrastructure teams | Grace Blackwell Ultra superchip consolidates CPU and GPU into one deskside unit — reduces data center footprint for inference and fine-tuning workloads","2026-06-01","2026-06-01","true"
"https://www.anthropic.com/news/expanding-project-glasswing","Expanding Project Glasswing","Anthropic","Tool|Agent","Anthropic expanded Project Glasswing on June 2, 2026, extending the program to approximately 150 new organizations across 15+ countries to scan critical software using Claude Mythos Preview and Opus 4.8. The initial cohort collectively found 10,000+ high or critical severity vulnerabilities; individual partners reported 10x faster bug discovery. A new Claude Security product was released enabling teams to scan codebases and receive AI-generated patch suggestions.","Claude Security product enables automated vulnerability detection in production codebases without dedicated security engineers | 150 new critical infrastructure partners validate enterprise-grade AI security scanning at scale | Claude Opus 4.8 applied to security scanning accelerates responsible disclosure timelines | Expanded to 15+ countries signals regulatory acceptance of AI-augmented security tooling internationally","2026-06-02","2026-06-02","true"
"https://aws.amazon.com/about-aws/whats-new/2026/06/amazon-bedrock-openai-models-codex-generally-available/","GPT-5.5, GPT-5.4, and Codex from OpenAI Are Now Generally Available on Amazon Bedrock","Amazon","Infra|Tool","OpenAI GPT-5.5, GPT-5.4, and Codex reached general availability on Amazon Bedrock on June 1, 2026, following a limited preview since April. Enterprise teams access these models through existing Bedrock APIs with AWS credentials at pricing matching OpenAI first-party rates, with usage counting toward existing AWS commitments. Codex on Bedrock is accessible via the Codex CLI, desktop app, and VS Code extension with AWS-native authentication.","GPT-5.5 on Bedrock enables frontier agentic reasoning with AWS IAM/billing integration — no separate OpenAI account needed | Usage counting toward AWS EDP commitments reduces effective cost for AWS-committed enterprises | Codex on Bedrock brings AI coding agents into AWS-native pipelines using existing Bedrock infrastructure | Single Bedrock endpoint for OpenAI and Anthropic models enables unified multi-model agent routing on AWS","2026-06-01","2026-06-02","true"
"https://devblogs.microsoft.com/foundry/whats-new-in-microsoft-foundry-build-2026/","What's New in Microsoft Foundry — Build 2026 Edition","Microsoft","Agent|Infra|Tool","At Microsoft Build 2026 (June 2-3, San Francisco), Microsoft Agent Framework (MAF) v1.0 reached general availability with production-ready skills, context, memory, and middleware; MAF orchestrates GitHub Copilot SDK or Claude Agent SDK agents as named participants. Foundry IQ knowledge bases went GA, unifying Work IQ, Fabric IQ, File Search, Azure SQL, and MCP behind one SLA-backed retrieval endpoint. New Toolboxes in Foundry (preview) consolidate web/file search, MCP, OpenAPI spec, and A2A protocol connections for agents into a single surface.","MAF v1.0 GA enables production multi-agent orchestration with deterministic orchestrator alongside LLM SDK agents — reduces custom glue code | Foundry IQ GA removes need to stitch Work IQ, Fabric IQ, File Search, and Azure SQL separately in enterprise RAG pipelines | Toolboxes unify MCP, OpenAPI, and A2A tool connectivity under one surface — reduces agent integration complexity | Foundry agents publishing to Teams and M365 Copilot planned for GA in June 2026 — expands enterprise agent reach into communication platforms","2026-06-02","2026-06-02","true"
"https://www.langchain.com/blog/deep-agents-0-6","New in Deep Agents v0.6","LangChain","Agent|Infra","LangChain released Deep Agents v0.6 on June 2, 2026, an open-source harness for long-running agent tasks covering planning, context management, and multi-agent orchestration. New features include harness profiles enabling frontier-quality agents using open-weight models (Kimi, Qwen, DeepSeek) at 20x+ lower cost than closed APIs, delta channels cutting checkpoint storage by up to 100x for long-running agents, a typed streaming primitive with per-channel event projections, and a code interpreter for dynamic tool composition.","Harness profiles deliver frontier-quality agent performance from open-weight models at 20x+ lower API cost — changes make-vs-buy economics for high-volume agent deployments | Delta channels reduce checkpoint storage overhead by up to 100x for long-running agents — critical for cost control in multi-day task pipelines | Typed streaming primitives give observable per-channel access to agent events (messages, tool calls, subagents) for production monitoring | Code interpreter enables agents to dynamically compose tools and control model context in complex workflows","2026-06-02","2026-06-02","true"
"https://mistral.ai/news/mistral-vibe-2-0/","Terminally online Mistral Vibe.","Mistral","Agent|Tool","Mistral released Vibe 2.0 as a major upgrade to its terminal-native coding agent, powered by the Devstral 2 model family (72.2% on SWE-bench Verified) and available as a fully open-source CLI under Apache 2.0. The Mistral Vibe CLI is an agentic coding assistant that explores, modifies, and executes code changes across a codebase using natural language commands, integrates into IDEs via Agent Communication Protocol, and supports offline inference via local models.","Devstral 2 backbone (72.2% SWE-bench) delivers competitive coding agent quality from open-source model at lower API cost than closed-model alternatives | Apache 2.0 CLI enables self-hosted coding agent infrastructure without proprietary runtime dependency | Agent Communication Protocol integration embeds Vibe CLI into any IDE as a drop-in agent provider | Offline inference via local models supports air-gapped development environments for regulated codebases","2026-05-28","2026-06-02","true"
"https://nvidianews.nvidia.com/news/nvidia-launches-cosmos-3-the-open-frontier-foundation-model-for-physical-ai","NVIDIA Launches Cosmos 3, the Open Frontier Foundation Model for Physical AI","NVIDIA","Model|Infra","NVIDIA launched Cosmos 3 at Computex 2026 (June 1), an open frontier foundation model for physical AI using a mixture-of-transformers architecture combining vision reasoning, world generation, and action prediction in a single model. The release also includes Isaac GR00T N1.7 for humanoid robot general-purpose skills and Alpamayo 1.5, an open reasoning model for autonomous vehicle development. The Rubin GPU platform entered full production with partner hardware available in H2 2026.","Cosmos 3 unifies vision, world generation, and action prediction in one model — reduces pipeline complexity for physical AI agent systems | Alpamayo 1.5 open weights enable autonomous vehicle agent development without proprietary NDA-gated model access | Rubin platform full production entry provides concrete H2 2026 infrastructure upgrade path for teams scaling AI inference | Open-weight models available on GitHub enable self-hosted physical AI workflows without API rate limits","2026-06-01","2026-06-02","true"
https://openai.com/index/codex-for-every-role-tool-workflow/,"Codex for every role, tool, and workflow",OpenAI,Tool|Agent,"OpenAI launched role-specific plugins for Codex on June 2, 2026, bundling 62 popular apps and 110 skills across six plugin packs for Analysts, Marketers, Operators, Designers, Researchers, and Investors/Bankers. In-place annotations for refining results and Sites — interactive hosted web apps shareable within an organization workspace via URL — were also introduced. Non-developer users now represent 20% of overall Codex usage and are growing 3x faster than developers.","Six role-specific plugin packs with 62 apps and 110 skills eliminate manual integration work for non-developer knowledge workers | Sites preview lets Codex create shareable internal web apps without custom frontend infrastructure | 3x faster non-developer Codex adoption signals broad enterprise workflow expansion beyond coding teams | Role plugins reduce prompt engineering burden for analysts, marketers, and finance functions",2026-06-02,2026-06-03,true
https://nvidianews.nvidia.com/news/nvidia-microsoft-windows-pcs-agents-rtx-spark,NVIDIA and Microsoft Reinvent Windows PCs for the Age of Personal AI,NVIDIA,Infra|Agent,"NVIDIA unveiled RTX Spark at Computex 2026, a Blackwell-based superchip combining a 6,144-CUDA-core RTX GPU and 20-core Grace CPU via NVLink-C2C with up to 128GB unified memory and 1 PFLOP AI performance. RTX Spark powers Windows PCs capable of running 120B-parameter LLMs with a 1M-token context window entirely on-device. Systems from ASUS, Dell, HP, Lenovo, Microsoft Surface, and MSI arrive in fall 2026.","120B-parameter local LLM inference with 1M-token context eliminates cloud API dependency for large model agent workloads | 128GB unified memory supports multi-agent local orchestration without GPU cluster infrastructure | On-device Windows inference satisfies data residency requirements for regulated enterprise agent deployments | Fall 2026 OEM availability from six major vendors provides a concrete hardware procurement timeline",2026-06-01,2026-06-03,true
https://www.perplexity.ai/hub/blog/the-data-center-moves-to-your-machine,The Data Center Moves to Your Machine — Perplexity Hybrid Local-Cloud Inference,Perplexity,Routing|Infra,"Perplexity unveiled the first hybrid local-server inference orchestrator at Computex 2026, routing AI workloads dynamically between on-device models (Intel Core Ultra) and cloud frontier models in real time mid-task. The system autonomously decides which computations stay on-device (privacy-sensitive) and which route to cloud (complex reasoning), with user-permission prompts before any data is sent offsite. Launch to users expected in coming weeks.","Automatic privacy-aware task routing keeps sensitive enterprise data on-device without manual configuration | Real-time local/cloud decomposition reduces cloud token spend for workflows mixing simple and complex subtasks | Per-task user-permission model satisfies enterprise data governance requirements without custom integration | First commercial hybrid orchestrator establishes a new deployment pattern for on-device and cloud model routing",2026-06-02,2026-06-03,true
https://azure.microsoft.com/en-us/blog/announcing-microsoft-discovery-general-availability-and-microsoft-discovery-app-preview/,Announcing Microsoft Discovery General Availability and Microsoft Discovery App Preview,Microsoft,Agent|Infra,"Microsoft Discovery reached general availability at Build 2026, offering a platform where autonomous agent teams reason over scientific and engineering knowledge corpora, generate and validate hypotheses, and learn continuously under human supervision. A free Microsoft Discovery app in preview (requires GitHub Copilot account) brings these capabilities to individual desktops. Production use cases include BHP copper-leaching optimization in months vs. years and improved Majorana 2 quantum chip reliability.","Autonomous R&D agent teams with human oversight accelerate hypothesis-to-validation cycles without custom orchestration infrastructure | Knowledge governance ensures reproducibility and proprietary data control for regulated scientific organizations | Free local Discovery app provides a zero-infrastructure on-ramp for individual researchers and small teams | Cross-domain production deployments in mining and quantum computing validate platform readiness across scientific verticals",2026-06-02,2026-06-03,true
https://aws.amazon.com/about-aws/whats-new/2026/06/amazon-bedrock-supports-cloudwatch-metrics-bedrock-mantle-endpoint/,"Amazon Bedrock adds Amazon CloudWatch metrics for OpenAI- and Anthropic-compatible APIs",Amazon,Infra,"Amazon Bedrock now publishes CloudWatch metrics for the Bedrock Mantle endpoint, which exposes the OpenAI Responses API, OpenAI Chat Completions API, and Anthropic Messages API. Teams can monitor inference traffic, latency, error rates, and token usage on the Mantle endpoint using the same AWS-native toolchain as the standard Bedrock runtime and other AWS services.","Unified CloudWatch observability for multi-API Bedrock traffic without custom monitoring pipelines | Consistent metrics methodology across all Bedrock endpoints reduces monitoring ops overhead in multi-model agent architectures | AWS-native monitoring satisfies enterprise audit and cost attribution requirements for production agent traffic | CloudWatch integration enables automated alerting and scaling policies for OpenAI-compatible model access on Bedrock",2026-06-02,2026-06-03,true
